ae_3256804886247024,Bags & Shoes,Women's Luggage & Bags,Stylish Backpacks,Mini Women&#39,s Backpacks 2022 Trend Nylon Female Bag Small School Bags White Rucksack For Teen Girls Fashion Casual Backpack,https://ae01.alicdn.com/kf/S52b4dfbce06a4a2c84f45d3590aafd54A/Mini-Women-s-Backpacks-2022-Trend-Nylon-Female-Bag-Small-School-Bags-White-Rucksack-For-Teen.jpg,Mini Women&#39,s Backpacks 2022 Trend Nylon Female Bag Small School Bags White Rucksack For Teen Girls Fashion Casual Backpack,28.24,,18,"Black,Khaki","18,0","5,5.12","#000000,#F0E68C",,,,,,,,,
ae_3256804886533520,Bags & Shoes,Women's Luggage & Bags,Stylish Backpacks,PU Leather Mini Women&#39, Backpack Multi-Function Ladies Phone Pouch Pack Ladies School Backpack Shoulder Bags for Women mochilas,https://ae01.alicdn.com/kf/Sdf193cff40c549b0a88df239b63db644H/PU-Leather-Mini-Women-Backpack-Multi-Function-Ladies-Phone-Pouch-Pack-Ladies-School-Backpack-Shoulder-Bags.jpg,PU Leather Mini Women&#39, Backpack Multi-Function Ladies Phone Pouch Pack Ladies School Backpack Shoulder Bags for Women mochilas,25.76,,132,"Black,Pink","113,0","3.88,3.8","#000000,#FFC0CB",,,,,,,,,
ae_3256805002283304,Bags & Shoes,Women's Luggage & Bags,Stylish Backpacks,80L Travel Bag Large Capacity Climbing Backpack Men Women Outdoor Camping Luggage Bags Trekking Backpack Hiking Pack 2023,https://ae01.alicdn.com/kf/S3f0cd7e031134cd5bf376a8c97d4bb31S/80L-Travel-Bag-Large-Capacity-Climbing-Backpack-Men-Women-Outdoor-Camping-Luggage-Bags-Trekking-Backpack-Hiking.jpg,80L Travel Bag Large Capacity Climbing Backpack Men Women Outdoor Camping Luggage Bags Trekking Backpack Hiking Pack 2023,33.27,67.9,155,"Purple,Orange,Blue,Black","39,39,37,40","33.27,33.27,33.27,33.27","#800080,#FF8000,#0000FF,#000000",,,,,,normal,,,,,
ae_3256804675580493,Bags & Shoes,Women's Luggage & Bags,Stylish Backpacks,New Vintage Women Backpack For Teenage Girls School Bag Shoulder Bag Quality PVC Travel Bags,https://ae01.alicdn.com/kf/Sbef42c253a164316b75c421f6b70fb71l/New-Vintage-Women-Backpack-For-Teenage-Girls-School-Bag-Shoulder-Bag-Quality-PVC-Travel-Bags.jpg,New Vintage Women Backpack For Teenage Girls School Bag Shoulder Bag Quality PVC Travel Bags,220.96,,599,"brown,black",299300,"123.58,123.58","#000000,#000000",,,,,,normal,,normal,,https://ae01.alicdn.com/kf/Se341a3e5cc9f4ef09887f83ba794cd6eJ/Mini-Women-s-Backpacks-2022-Trend-Nylon-Female-Bag-Small-School-Bags-White-Rucksack-For-Teen.jpg,https://ae01.alicdn.com/kf/S524d85b942f64a43a65c8006f3df3f32Y/Mini-Women-s-Backpacks-2022-Trend-Nylon-Female-Bag-Small-School-Bags-White-Rucksack-For-Teen.jpg
ae_3256803439271078,Bags & Shoes,Women's Luggage & Bags,Stylish Backpacks,60L Military Tactical Backpack Army Molle Assault Rucksack 3P Outdoor Travel Hiking Rucksacks Camping Hunting Climbing Bags,https://ae01.alicdn.com/kf/Se0c2d73526eb4ef98bc54ef8d0bcfe00w/60L-Military-Tactical-Backpack-Army-Molle-Assault-Rucksack-3P-Outdoor-Travel-Hiking-Rucksacks-Camping-Hunting-Climbing.jpg,60L Military Tactical Backpack Army Molle Assault Rucksack 3P Outdoor Travel Hiking Rucksacks Camping Hunting Climbing Bags,170,,2380,"Light Green|SPAIN,ACU|SPAIN,Grey|China,Multicam|SPAIN,Grey|United States,Brown|SPAIN,Grey|Russian Federation,Black Camo|SPAIN,Black|China,MIX Italy camo|SPAIN,Black|United States,France Camo|SPAIN,Black|Russian Federation,OD Green Digital|SPAIN,Army Green|China,Green Camo|SPAIN,Army Green|SPAIN,Lighr Green Grey|SPAIN,Grey|SPAIN,Black|SPAIN,Black Camo|China,Black Camo|United States,Black Camo|Russian Federation,ACU|China,ACU|United States,ACU|Russian Federation,Multicam|China,Multicam|United States,Army Green|United States,Army Green|Russian Federation,Lighr Green Grey|China,Lighr Green Grey|United States,Lighr Green Grey|Russian Federation,Brown|China,Brown|United States,Brown|Russian Federation,MIX Italy camo|United States,MIX Italy camo|Russian Federation,France Camo|China,France Camo|United States,France Camo|Russian Federation,Light Green|China,Light Green|United States,Light Green|Russian Federation,Multicam|Russian Federation,OD Green Digital|China,OD Green Digital|United States,OD Green Digital|Russian Federation,Green Camo|China,Green Camo|United States,Green Camo|Russian Federation,MIX Italy camo|China","6,0,70,7,2400,30,62,43,96,3,96,0,196,0,62,7,10,7,54,0,45,45,243,15,15,49,61,61,62,218,0,1,0,33,33,77,0,0,0,0,0,27,26,218,209,0,0,34,9,9,71,0","53.9,161,53.9,53.9,50.2,53.9,53.9,53.9,53.9,53.9,50.2,161,53.9,161,53.9,53.9,53.9,53.9,53.9,161,53.9,50.2,53.9,53.9,50.2,53.9,53.9,50.2,50.2,53.9,161,50.2,161,53.9,50.2,53.9,151,161,161,151,161,53.9,50.2,53.9,53.9,161,151,53.9,53.9,50.2,53.9,161","#90EE90,#000000,#87CEEB,#000000,#87CEEB,#000000,#87CEEB,#000000,#000000,#000000,#000000,#000000,#000000,#000000,#000000,#000000,#000000,#000000,#87CEEB,#000000,#000000,#000000,#000000,#000000,#000000,#000000,#000000,#000000,#000000,#000000,#000000,#000000,#000000,#000000,#000000,#000000,#000000,#000000,#000000,#000000,#000000,#90EE90,#90EE90,#90EE90,#000000,#000000,#000000,#000000,#000000,#000000,#000000,#000000",,,,,,normal,,normal,,https://ae01.alicdn.com/kf/S5911fdc079e8467fa06b2b732278cba1p/PU-Leather-Mini-Women-Backpack-Multi-Function-Ladies-Phone-Pouch-Pack-Ladies-School-Backpack-Shoulder-Bags.jpg,https://ae01.alicdn.com/kf/Sb74eb2442cff408da9313486458c213dN/PU-Leather-Mini-Women-Backpack-Multi-Function-Ladies-Phone-Pouch-Pack-Ladies-School-Backpack-Shoulder-Bags.jpg
ae_3256805005796859,Bags & Shoes,Women's Luggage & Bags,Stylish Backpacks,Women Travel Backpack Water Repellent Anti-Theft Stylish Casual Daypack Bag with Luggage Strap &amp, USB Charging Port Backpack,https://ae01.alicdn.com/kf/Sc3ce704c21f44444b36e254d396a910bs/Women-Travel-Backpack-Water-Repellent-Anti-Theft-Stylish-Casual-Daypack-Bag-with-Luggage-Strap-USB-Charging.jpg,Women Travel Backpack Water Repellent Anti-Theft Stylish Casual Daypack Bag with Luggage Strap &amp, USB Charging Port Backpack,26.44,53.96,114,"Pink,Purple,Grey,Black","28,29,29,28","26.44,26.44,26.44,26.44","#FFC0CB,#800080,#F5F5DC,#000000",,,,,,https://ae01.alicdn.com/kf/Sca39c03b983046f6aee09a4e1a8cf474e/80L-Travel-Bag-Large-Capacity-Climbing-Backpack-Men-Women-Outdoor-Camping-Luggage-Bags-Trekking-Backpack-Hiking.jpg,https://ae01.alicdn.com/kf/S0e01137faa7344539c431c070228ff63U/80L-Travel-Bag-Large-Capacity-Climbing-Backpack-Men-Women-Outdoor-Camping-Luggage-Bags-Trekking-Backpack-Hiking.jpg,https://ae01.alicdn.com/kf/Se4d92635cd6747aebb9ea0f573e5d2deZ/80L-Travel-Bag-Large-Capacity-Climbing-Backpack-Men-Women-Outdoor-Camping-Luggage-Bags-Trekking-Backpack-Hiking.jpg,
ae_3256805005830667,Bags & Shoes,Women's Luggage & Bags,Stylish Backpacks,Luxury Backpack Women&#39,s Brand Designer Backpack PVC Anti Theft Schoolbags Double Shoulder Single Shoulder Switchable Design Bags,https://ae01.alicdn.com/kf/Sf10fa2606ea44eb0b632ed66885df541I/Luxury-Backpack-Women-s-Brand-Designer-Backpack-PVC-Anti-Theft-Schoolbags-Double-Shoulder-Single-Shoulder-Switchable.jpg,Luxury Backpack Women&#39,s Brand Designer Backpack PVC Anti Theft Schoolbags Double Shoulder Single Shoulder Switchable Design Bags,23.08,42.74,1986,"Off-White|13 inches,Brown|13 inches",994992,"23.08,23.08","#000000,#F5F5DC",,,,,,https://ae01.alicdn.com/kf/S6226ca173f7a437bbe2d6408f4f0ff0d4/New-Vintage-Women-Backpack-For-Teenage-Girls-School-Bag-Shoulder-Bag-Quality-PVC-Travel-Bags.jpg,https://ae01.alicdn.com/kf/S9ea99d9c7190490bb513d2188d03dc0cr/New-Vintage-Women-Backpack-For-Teenage-Girls-School-Bag-Shoulder-Bag-Quality-PVC-Travel-Bags.jpg,https://ae01.alicdn.com/kf/Sb14893f61ba240c49813dec2d83a0da6g/New-Vintage-Women-Backpack-For-Teenage-Girls-School-Bag-Shoulder-Bag-Quality-PVC-Travel-Bags.jpg,
ae_3256801522534481,Bags & Shoes,Women's Luggage & Bags,Stylish Backpacks,ACEPERCH Women Mochilas Women Original Backpack Waterproof Nylon Backpack Lady Wen&#39,s Backpacks Casual Travel Bag Bolsa Mochila,https://ae01.alicdn.com/kf/Hc5d5ac1739b34947af6535882494b90bE/ACEPERCH-Women-Mochilas-Women-Original-Backpack-Waterproof-Nylon-Backpack-Lady-Wen-s-Backpacks-Casual-Travel-Bag.jpg,ACEPERCH Women Mochilas Women Original Backpack Waterproof Nylon Backpack Lady Wen&#39,s Backpacks Casual Travel Bag Bolsa Mochila,32.44,42.69,1172,"Leopard,Purple,Rose red,Blue,Black,Green",1.9719520019419E+017,"32.44,32.44,32.44,32.44,32.44,32.44","#000000,#000000,#87CEEB,#0000FF,#000000,#F5F5DC",,,,,,https://ae01.alicdn.com/kf/Sd17dd90676cd4b4fa42c4dad5d7f2c7cy/60L-Military-Tactical-Backpack-Army-Molle-Assault-Rucksack-3P-Outdoor-Travel-Hiking-Rucksacks-Camping-Hunting-Climbing.jpg,https://ae01.alicdn.com/kf/S0781d0099e474044a33265ab0cffa543Y/60L-Military-Tactical-Backpack-Army-Molle-Assault-Rucksack-3P-Outdoor-Travel-Hiking-Rucksacks-Camping-Hunting-Climbing.jpg,https://ae01.alicdn.com/kf/Sc7a0ff12831140498c74094393c78207M/60L-Military-Tactical-Backpack-Army-Molle-Assault-Rucksack-3P-Outdoor-Travel-Hiking-Rucksacks-Camping-Hunting-Climbing.jpg,
ae_3256804796850213,Bags & Shoes,Women's Luggage & Bags,Stylish Backpacks,Korean Backpack Letter Printed Canvas Bag Portable Large Capacity Shopping Bag Student String Bucket Bag Drawstring School Bag,https://ae01.alicdn.com/kf/Sc2853301865d4653b800845c906fdb60y/Korean-Backpack-Letter-Printed-Canvas-Bag-Portable-Large-Capacity-Shopping-Bag-Student-String-Bucket-Bag-Drawstring.jpg,Korean Backpack Letter Printed Canvas Bag Portable Large Capacity Shopping Bag Student String Bucket Bag Drawstring School Bag,9.25,17.79,499,"Brown,Black,Green,Blue,White","100,100,99,100,100","9.25,9.25,9.25,9.25,9.25","#000000,#000000,#008000,#0000FF,#FFFFFF",,,,,,normal,,normal,,https://ae01.alicdn.com/kf/S9d39610be1be487686e1b6d835497d36u/Women-Travel-Backpack-Water-Repellent-Anti-Theft-Stylish-Casual-Daypack-Bag-with-Luggage-Strap-USB-Charging.jpg,https://ae01.alicdn.com/kf/Sfeff317cf26f41fa823933eadfa709264/Women-Travel-Backpack-Water-Repellent-Anti-Theft-Stylish-Casual-Daypack-Bag-with-Luggage-Strap-USB-Charging.jpg
ae_3256802887822965,Bags & Shoes,Women's Luggage & Bags,Stylish Backpacks,2021 Women School Backpack Black Nylon Bagpack  Female Anti Theft Rucksack Casual Lady Travel Backpacks Korean Back Pack Mochila,https://ae01.alicdn.com/kf/S6a48e38321e54a3d94095bc0d1832fa2V/2021-Women-School-Backpack-Black-Nylon-Bagpack-Female-Anti-Theft-Rucksack-Casual-Lady-Travel-Backpacks-Korean.jpg,2021 Women School Backpack Black Nylon Bagpack  Female Anti Theft Rucksack Casual Lady Travel Backpacks Korean Back Pack Mochila,29.43,35.65,9982,"red|China|With pendant,red|China|only bag,red|United States|With pendant,red|United States|only bag,green|China|With pendant,green|China|only bag,green|United States|With pendant,green|United States|only bag,Black|China|With pendant,Black|China|only bag,Black|United States|With pendant,Black1|China|With pendant,Black|United States|only bag,Black1|China|only bag,beige white|China|With pendant,Black1|United States|With pendant,beige white|China|only bag,Black1|United States|only bag,beige white|United States|With pendant,beige white1|China|With pendant,beige white|United States|only bag,beige white1|China|only bag,beige white1|United States|With pendant,beige white1|United States|only bag,red1|China|With pendant,red1|China|only bag,red1|United States|With pendant,red1|United States|only bag","659,467,525,370,0,0,0,0,366,371,113,306,196,249,1040,400,452,400,541,389,364,392,400,400,393,389,400,400","16.88,16.08,16.88,16.08,29.43,28.16,29.43,28.16,16.88,16.08,16.88,17.96,16.08,16.18,16.88,17.96,16.08,16.18,16.88,17.96,16.08,16.18,17.96,16.18,17.96,16.18,17.96,16.18","#FF0000,#FF0000,#FF0000,#FF0000,#008000,#008000,#008000,#008000,#000000,#000000,#000000,#000000,#000000,#000000,#F5F5DC,#000000,#F5F5DC,#000000,#F5F5DC,#808080,#F5F5DC,#808080,#808080,#808080,#FFC0CB,#FFC0CB,#FFC0CB,#FFC0CB",,,,,,normal,,normal,,https://ae01.alicdn.com/kf/Sb61b347eea4a470e8d7ca5b4532b0fa6V/Luxury-Backpack-Women-s-Brand-Designer-Backpack-PVC-Anti-Theft-Schoolbags-Double-Shoulder-Single-Shoulder-Switchable.jpg,https://ae01.alicdn.com/kf/S76a451ca024a4bc48e58bd6b2c11486bG/Luxury-Backpack-Women-s-Brand-Designer-Backpack-PVC-Anti-Theft-Schoolbags-Double-Shoulder-Single-Shoulder-Switchable.jpg
,,,,,,,,,,,,,,,,,,,,,normal,,https://ae01.alicdn.com/kf/H87e5c668afea42b09a4cc96a000db4cc8/ACEPERCH-Women-Mochilas-Women-Original-Backpack-Waterproof-Nylon-Backpack-Lady-Wen-s-Backpacks-Casual-Travel-Bag.jpg,https://ae01.alicdn.com/kf/H82018307a51344a2b96d6c13e71e837f3/ACEPERCH-Women-Mochilas-Women-Original-Backpack-Waterproof-Nylon-Backpack-Lady-Wen-s-Backpacks-Casual-Travel-Bag.jpg
,,,,,,,,,,,,,,,,,,,,,https://ae01.alicdn.com/kf/Sa4387eb79a1344a6858446c23c53de2d2/Korean-Backpack-Letter-Printed-Canvas-Bag-Portable-Large-Capacity-Shopping-Bag-Student-String-Bucket-Bag-Drawstring.jpg,https://ae01.alicdn.com/kf/Scb835aacee584e0f885ed1efcc4d7d1eG/Korean-Backpack-Letter-Printed-Canvas-Bag-Portable-Large-Capacity-Shopping-Bag-Student-String-Bucket-Bag-Drawstring.jpg,https://ae01.alicdn.com/kf/S417fa810a9c442c9aa82c1cf025bf712E/Korean-Backpack-Letter-Printed-Canvas-Bag-Portable-Large-Capacity-Shopping-Bag-Student-String-Bucket-Bag-Drawstring.jpg,
,,,,,,,,,,,,,,,,,,,,,https://ae01.alicdn.com/kf/S9061e4b25f0d401e9b14fa48f36c69b4n/2021-Women-School-Backpack-Black-Nylon-Bagpack-Female-Anti-Theft-Rucksack-Casual-Lady-Travel-Backpacks-Korean.jpg,https://ae01.alicdn.com/kf/Se02d50a627fa4ed9889153dd86ba6d2cj/2021-Women-School-Backpack-Black-Nylon-Bagpack-Female-Anti-Theft-Rucksack-Casual-Lady-Travel-Backpacks-Korean.jpg,https://ae01.alicdn.com/kf/S0267a6df0542493490343feb883ef0e8g/2021-Women-School-Backpack-Black-Nylon-Bagpack-Female-Anti-Theft-Rucksack-Casual-Lady-Travel-Backpacks-Korean.jpg,
